구분,품명,수량,용도,상태,비고
전자,Arduino Mega 2560 (R3),1,메인 보드 (grbl-Mega-5X),구매 리스트,
전자,RAMPS 1.4 컨트롤 실드,1,"드라이버 5소켓, 전원 분배",구매 리스트,
전자,DRV8825 스텝모터 드라이버 (방열판 포함),4,X·Y·Z·A 축,구매 리스트,점퍼 3개 = 1/32
전자,5V 5A DC-DC 스텝다운 컨버터,1,서보 전원 (12 V → 5 V),구매 리스트,
전자,NEMA17 스텝모터 CIG 4240 + 케이블 1 m,4,X·Y·Z·A 축,구매 리스트,모터 4 + 케이블 4
전자,MG90S 메탈기어 서보,1,펜 올리기/내리기,구매 리스트,
전자,DC 12 V 10 A 어댑터,1,전체 전원,구매 리스트,
전자,DC 잭 케이블 Female (5.5/2.1),1,"어댑터 → RAMPS, DC-DC",구매 리스트,
전자,USB 2.0 AM-BM 1.5 m,1,PC ↔ Mega,구매 리스트,
전자,점퍼 케이블 암-수 20 cm 40핀,1,서보 배선,구매 리스트,
전자,점퍼 케이블 수-수 20 cm 40핀,1,배선,구매 리스트,
전자,점퍼 케이블 암-암 20 cm 40핀,1,배선,구매 리스트,
전자,브레드보드 400핀,1,GND·5 V 나눠 쓰기,구매 리스트,
전자,NEMA17 스텝모터 CIG 4240 + 케이블 1 m,1,계란 반대쪽 모터 (E1 소켓),더 사야 함,3D 모델에 모터 5개
전자,DRV8825 스텝모터 드라이버,1,계란 반대쪽 모터,더 사야 함,
기구,Ø8 샤프트 300 mm,2,A축 슬라이드 가이드,더 사야 함,이전 목록에는 있었음
기구,T8 리드스크루 + 플랜지 너트,1,A축 슬라이드,더 사야 함,리드 2인지 8인지 확인 후 a_lead_mm
기구,커플러 5→8 mm,1,A축 모터 ↔ 리드스크루,더 사야 함,
기구,힌지 핀 Ø5 (길이 20 이상),1,펜 암 상단 ↔ 하단,더 사야 함,
기구,M4 무두볼트,5,"펜 암 하단 1, 펜 고정 3, 매거진 허브 1",더 사야 함,
기구,클램핑 컵 고정나사,1,계란 컵 ↔ 모터 축,더 사야 함,구멍 용도 확인 중
기구,네오디뮴 자석 Ø6×2 mm,8,펜 고정부 3개 × 2 + 펜 암 상단 2,더 사야 함,옆면 자석 자리는 용도 확인 전이라 제외
선택,엔드스탑,4,자동 원점복귀 ($H),선택,
선택,DRV8825 여분,1,고장 대비,선택,
